;Biomass[MW];Hydropower[MW];Wind offshore[MW];Wind onshore[MW];Photovoltaics[MW];Other renewable[MW];Nuclear[MW];Lignite[MW];Hard coal[MW];Fossil gas[MW];Hydro pumped storage[MW];Other conventional[MW]
count;245473.0;245473.0;245473.0;245473.0;245473.0;245473.0;245473.0;245473.0;245473.0;245473.0;245473.0;245473.0
mean;4492.116371250606;1768.5758515193118;2145.059049264074;9795.964965597032;4577.172821450832;167.35689872205904;8246.234543106573;13136.394312205415;7074.343263821275;4463.738675943994;1116.4644584129414;3210.0354662223544
std;315.3052324713659;408.2994190829855;1706.2968042016169;8094.433034466961;7085.989612860196;40.581884853447285;1474.432351315422;3565.9801503505755;4435.986705487755;2817.771907292756;1220.0763479005695;2527.174490239303
min;3396.0;732.0;0.0;88.0;0.0;52.0;3132.0;2852.0;660.0;400.0;0.0;384.0
25%;4328.0;1456.0;636.0;3668.0;0.0;140.0;7250.0;11176.0;3076.0;2188.0;228.0;1392.0
50%;4527.0;1732.0;1792.0;7320.0;80.0;164.0;7996.0;14088.0;6272.0;3728.0;640.0;1628.0
75%;4745.0;2056.0;3360.0;13652.0;7264.0;196.0;9319.0;15756.0;10556.0;6316.0;1616.0;4908.0
max;5056.0;3160.0;7204.0;42320.0;36384.0;260.0;11476.0;19828.0;19268.0;15088.0;8640.0;32864.0
