;Total (grid load)[MWh];Residual load[MWh];Hydro pumped storage[MWh]
count;245472.0;245472.0;245472.0
mean;14268.073829194369;10138.855572122278;272.50839199582845
std;2513.10404041325;3070.1912698738606;315.20598785459873
min;7276.0;556.0;0.0
25%;12177.0;8129.0;22.0
50%;14187.0;10200.0;134.0
75%;16435.0;12261.0;452.0
max;20523.0;19166.0;1643.0
